task_id,target_id,output_file,query_hub
ENH-0093,DAC-CS-0001,DAC-CS-0001-falcon-powershell-encoded-command.yaml,applications_spawning_cmd_or_powershell.yml
ENH-0096,DAC-CS-0001,DAC-CS-0001-falcon-powershell-encoded-command.yaml,Detect_and_Decode_Base64-Encoded_PowerShell_Commands.yml
ENH-0097,DAC-CS-0001,DAC-CS-0001-falcon-powershell-encoded-command.yaml,Detect_and_Decode_Base64-Encoded_PowerShell_Commands-http.yml
ENH-0107,DAC-CS-0001,DAC-CS-0001-falcon-powershell-encoded-command.yaml,Hunting_Powershell_Command_Length_Anomaly.yml
ENH-0111,DAC-CS-0001,DAC-CS-0001-falcon-powershell-encoded-command.yaml,Suspicious_PowerShell_Execution.yml
ENH-0105,DAC-CS-0002,DAC-CS-0002-falcon-office-spawning-shell.yaml,attachments_send_by_outlook.yml
ENH-0106,DAC-CS-0002,DAC-CS-0002-falcon-office-spawning-shell.yaml,Hunt_links_opened_from_Outlook.yml
ENH-0102,DAC-CS-0003,DAC-CS-0003-falcon-regsvr32-remote-scriptlet.yaml,LOLBin_Regsvr32.yml
ENH-0101,DAC-CS-0004,DAC-CS-0004-falcon-mshta-remote-execution.yaml,LOLBin_Mshta.yml
ENH-0103,DAC-CS-0005,DAC-CS-0005-falcon-rundll32-suspicious-execution.yaml,LOLBin_Rundll32.yml
ENH-0109,DAC-CS-0005,DAC-CS-0005-falcon-rundll32-suspicious-execution.yaml,Rundll32_Remote_UNC_DLL_Ordinal_Execution.yml
ENH-0098,DAC-CS-0010,DAC-CS-0010-falcon-netsh-firewall-off.yaml,Firewall_Rule_Additions.yml
ENH-0100,DAC-CS-0011,DAC-CS-0011-falcon-certutil-download-decode.yaml,LOLBin_Certutil.yml
ENH-0099,DAC-CS-0012,DAC-CS-0012-falcon-bitsadmin-transfer.yaml,hunting_bitsadmin_usage.yml
ENH-0095,DAC-CS-0013,DAC-CS-0013.yml,Credential_Dumping_Detection.yml
ENH-0104,DAC-CS-0038,DAC-CS-0038.yml,LOLBin_WMIC.yml
ENH-0108,DAC-CS-0047,DAC-CS-0047.yml,ransomware_precursors.yml
ENH-0110,DAC-CS-0047,DAC-CS-0047.yml,shadow_mcp_server_activity_via_common_runtime_interpreters.yml
