id,title,mitre,tactic,sourcetypes,preferred_macro,event_hint,severity,category,tier,status,platforms,telemetry_validated,required_fields,false_positives,telemetry_gap
DAC-WIN-0100,LSASS process access by non-EDR,T1003.001,Credential Access,XmlWinEventLog:Microsoft-Windows-Sysmon/Operational;WinEventLog:Microsoft-Windows-Sysmon/Operational;sysmon;sysmon:*,windows_sysmon,Sysmon EID 10 TargetImage=lsass.exe; filter EDR/AV SourceImage,critical,process,P0,draft,splunk,false,SourceImage;TargetImage;GrantedAccess,Legitimate AV/EDR/backup agents,
DAC-WIN-0101,DCSync replication rights abuse,T1003.006,Credential Access,WinEventLog:Security;XmlWinEventLog:Security,windows_security,Security 4662 replication GUIDs; exclude DC$ accounts,critical,ad-auth,P0,draft,splunk,false,SubjectUserName;SubjectDomainName;ObjectName;ObjectGUID;ObjectType;Properties;AccessMask,AAD Connect / sync service accounts; DC machine accounts,data_gap: 4662 noisy — constrain Properties/AccessMask after org validation
DAC-WIN-0102,Kerberoasting RC4 TGS burst,T1558.003,Credential Access,WinEventLog:Security;XmlWinEventLog:Security,windows_security,Security 4769 TicketEncryptionType=0x17; burst distinct ServiceName,high,ad-auth,P0,draft,splunk,false,TargetUserName;ServiceName;IpAddress;TicketEncryptionType|Status,Legacy RC4 apps; batch SPN jobs,
DAC-WIN-0103,AS-REP roasting (PreAuthType 0),T1558.004,Credential Access,WinEventLog:Security;XmlWinEventLog:Security,windows_security,Security 4768 PreAuthType=0,high,ad-auth,P0,draft,splunk,false,TargetUserName;IpAddress;TicketEncryptionType|Status,Accounts without Kerberos preauth (allowlist ideally empty),Confirm PreAuthType via fieldsummary
DAC-WIN-0104,NTDS/VSS suspicious access on DCs,T1003.003,Credential Access,XmlWinEventLog:Microsoft-Windows-Sysmon/Operational;WinEventLog:Microsoft-Windows-Sysmon/Operational;sysmon;sysmon:*,windows_sysmon,Sysmon 1 ntdsutil/vssadmin/diskshadow; Sysmon 11 *.dit,critical,process,P0,draft,splunk,false,Image;CommandLine;ParentImage;User;ProcessGuid;Hashes;TargetFilename,Authorized backup/DR on DCs,
DAC-WIN-0105,Pass-the-Hash NTLM Type 3 anomalies,T1550.002,Lateral Movement,WinEventLog:Security;XmlWinEventLog:Security,windows_security,4624 LogonType=3 AuthenticationPackage=NTLM,high,logon,P0,draft,splunk,false,LogonType;TargetUserName;IpAddress|WorkstationName,Legacy NTLM service accounts,Confirm AuthenticationPackage/KeyLength field names
DAC-WIN-0106,Admin share write + new service (PsExec-class),T1021.002,Lateral Movement,WinEventLog:Security;XmlWinEventLog:Security;WinEventLog:System;XmlWinEventLog:System,"windows_security,windows_system",5145 Admin$/C$ + System 7045 / Security 4697,high,persistence,P0,draft,splunk,false,SubjectUserName;SubjectDomainName;ShareName;RelativeTargetName;AccessMask;IpAddress;ServiceName;ImagePath;StartType;AccountName,SCCM/IT jump hosts,data_gap: 5145 noisy — prefer sensitive ShareName/RelativeTargetName filters
DAC-WIN-0107,Suspicious PowerShell (enc/IEX/remote),T1059.001,Execution,WinEventLog:Microsoft-Windows-PowerShell/Operational;XmlWinEventLog:Microsoft-Windows-PowerShell/Operational;XmlWinEventLog:Microsoft-Windows-Sysmon/Operational;WinEventLog:Microsoft-Windows-Sysmon/Operational;sysmon;sysmon:*,"windows_powershell_operational,windows_sysmon",4104 ScriptBlock + Sysmon 1 -enc/IEX,high,process,P0,draft,splunk,false,ScriptBlockText;ScriptBlockId;Path;MessageNumber;MessageTotal;SubjectUserName;Image;CommandLine;ParentImage;User;ProcessGuid;Hashes,Admin encoded automation,
DAC-WIN-0108,AD CS suspicious cert issued / PKINIT,T1649,Credential Access,WinEventLog:Security;XmlWinEventLog:Security,windows_security,4886/4887 + 4768 PreAuthType=16,high,ad-auth,P0,draft,splunk,false,RequestId;Requester;Attributes;Subject;Status;TargetUserName;IpAddress;TicketEncryptionType,Smartcard/PKI enrollment,data_gap: AD CS 4886–4888 may be absent if CA audit not forwarded
DAC-WIN-0109,Password spray then success,T1110.003;T1078.002,Credential Access,WinEventLog:Security;XmlWinEventLog:Security,windows_security,4625/4771 many users one src then 4624,high,logon,P0,draft,splunk,false,LogonType;TargetUserName;IpAddress|WorkstationName;Status|SubStatus;IpAddress;TicketEncryptionType|Status,Scanners; shared NAT,
DAC-WIN-0110,Scheduled task created with LOLBin/SYSTEM,T1053.005,Persistence,WinEventLog:Security;XmlWinEventLog:Security;XmlWinEventLog:Microsoft-Windows-Sysmon/Operational;WinEventLog:Microsoft-Windows-Sysmon/Operational;sysmon;sysmon:*,"windows_security,windows_sysmon",4698 TaskContent LOLBin/SYSTEM; Sysmon 1 schtasks /create,high,persistence,P0,draft,splunk,false,TaskName;SubjectUserName;SubjectDomainName;TaskContent;Image;CommandLine;ParentImage;User;ProcessGuid;Hashes,Updaters; GPO tasks,TaskScheduler channel not in allowlist — use 4698/Sysmon
DAC-WIN-0111,Registry Run key persistence (user-writable path),T1547.001,Persistence,XmlWinEventLog:Microsoft-Windows-Sysmon/Operational;WinEventLog:Microsoft-Windows-Sysmon/Operational;sysmon;sysmon:*,windows_sysmon,Sysmon 13 Run/RunOnce; Details Temp/Users,medium,persistence,P0,draft,splunk,false,Image;TargetObject;Details,Installer RunOnce,
DAC-WIN-0112,Tier-0 account first-seen host / odd LogonType,T1078.002,Initial Access,WinEventLog:Security;XmlWinEventLog:Security,windows_security,4624 Tier-0 first-seen host or odd LogonType,high,logon,P0,draft,splunk,false,LogonType;TargetUserName;IpAddress|WorkstationName;SubjectUserName;PrivilegeList,New admin workstations; break-glass,Requires Tier-0 identity baseline KV
DAC-WIN-0113,WmiPrvSE / wsmprovhost unusual children,T1047;T1021.006,Execution,XmlWinEventLog:Microsoft-Windows-Sysmon/Operational;WinEventLog:Microsoft-Windows-Sysmon/Operational;sysmon;sysmon:*,windows_sysmon,Sysmon 1 Parent WmiPrvSE/wsmprovhost to cmd/powershell/LOLBins,high,process,P0,draft,splunk,false,Image;CommandLine;ParentImage;User;ProcessGuid;Hashes,SCCM/remote management,WMI/WinRM channels not in allowlist — Sysmon preferred
DAC-WIN-0114,Security tooling / Sysmon / audit tamper,T1562.001,Defense Evasion,WinEventLog:Security;XmlWinEventLog:Security;XmlWinEventLog:Microsoft-Windows-Sysmon/Operational;WinEventLog:Microsoft-Windows-Sysmon/Operational;sysmon;sysmon:*;WinEventLog:System;XmlWinEventLog:System,"windows_security,windows_sysmon,windows_system",1102; 4719; Sysmon 4/16/255,critical,defense-evasion,P0,draft,splunk,false,SubjectUserName;SubjectDomainName;CategoryId;SubcategoryGuid;AuditPolicyChanges;State;Version;SchemaVersion;Configuration;ConfigurationFileHash,Sysmon upgrades; authorized audit changes,
DAC-WIN-0115,LSASS access via comsvcs MiniDump pattern,T1003.001,Credential Access,XmlWinEventLog:Microsoft-Windows-Sysmon/Operational;WinEventLog:Microsoft-Windows-Sysmon/Operational;sysmon;sysmon:*,windows_sysmon,Sysmon 1 rundll32/comsvcs MiniDump OR Sysmon 10,critical,process,P0,draft,splunk,false,Image;CommandLine;ParentImage;User;ProcessGuid;Hashes;SourceImage;TargetImage;GrantedAccess,Rare diagnostics,
DAC-WIN-0116,Suspicious process creating LSASS dump file,T1003.001,Credential Access,XmlWinEventLog:Microsoft-Windows-Sysmon/Operational;WinEventLog:Microsoft-Windows-Sysmon/Operational;sysmon;sysmon:*,windows_sysmon,Sysmon 11 TargetFilename *.dmp,high,process,P0,draft,splunk,false,Image;TargetFilename;User,WER dumps,
DAC-WIN-0117,Special privileges assigned to new logon (Tier-0),T1078.002,Privilege Escalation,WinEventLog:Security;XmlWinEventLog:Security,windows_security,Security 4672 with 4624,medium,priv-esc,P0,draft,splunk,false,SubjectUserName;PrivilegeList;LogonType;TargetUserName;IpAddress|WorkstationName,Admin/service volume,
DAC-WIN-0118,Explicit credentials (4648) to remote host,T1021.002;T1550.002,Lateral Movement,WinEventLog:Security;XmlWinEventLog:Security,windows_security,Security 4648 remote TargetServerName,medium,logon,P0,draft,splunk,false,SubjectUserName;SubjectDomainName;TargetUserName;TargetDomainName;TargetServerName;ProcessName,Scheduled tasks/runas,
DAC-WIN-0119,Network share Admin$ access,T1021.002,Lateral Movement,WinEventLog:Security;XmlWinEventLog:Security,windows_security,Security 5140/5145 ShareName Admin$,medium,ad-auth,P0,draft,splunk,false,SubjectUserName;SubjectDomainName;ShareName;RelativeTargetName;AccessMask;IpAddress,IT remote management,data_gap: 5145 noisy — prefer sensitive ShareName/RelativeTargetName filters; note: 5140 not in expansion — detections should prefer 5145
DAC-WIN-0120,New service installed with suspicious ImagePath,T1543.003;T1021.002,Persistence,WinEventLog:System;XmlWinEventLog:System,windows_system,System 7045 ImagePath Temp/Users/UNC,high,persistence,P0,draft,splunk,false,ServiceName;ImagePath|ServiceFileName;StartType;AccountName,Software deployment,
DAC-WIN-0121,PowerShell encoded command line (Sysmon),T1059.001,Execution,XmlWinEventLog:Microsoft-Windows-Sysmon/Operational;WinEventLog:Microsoft-Windows-Sysmon/Operational;sysmon;sysmon:*,windows_sysmon,Sysmon 1 powershell -EncodedCommand/-enc,medium,process,P0,draft,splunk,false,Image;CommandLine;ParentImage;User;ProcessGuid;Hashes,Packaged admin scripts,
DAC-WIN-0122,Office spawning PowerShell,T1059.001,Execution,XmlWinEventLog:Microsoft-Windows-Sysmon/Operational;WinEventLog:Microsoft-Windows-Sysmon/Operational;sysmon;sysmon:*,windows_sysmon,Sysmon 1 Parent WINWORD/EXCEL/OUTLOOK to powershell,high,process,P0,draft,splunk,false,Image;CommandLine;ParentImage;User;ProcessGuid;Hashes,Rare macro LOB,
DAC-WIN-0123,Kerberos TGS RC4 for privileged SPN,T1558.003,Credential Access,WinEventLog:Security;XmlWinEventLog:Security,windows_security,4769 0x17 high-value SPNs,high,ad-auth,P0,draft,splunk,false,TargetUserName;ServiceName;IpAddress;TicketEncryptionType|Status,Legacy service accounts,
DAC-WIN-0124,Account added to Domain Admins / Tier-0 group,T1098;T1078.002,Persistence,WinEventLog:Security;XmlWinEventLog:Security,windows_security,4728/4732/4756 Domain/Enterprise Admins,critical,ad-auth,P0,draft,splunk,false,MemberName|MemberSid;TargetUserName;SubjectUserName;SubjectDomainName,Change-control,
DAC-WIN-0125,Local user account created,T1136.001;T1098,Persistence,WinEventLog:Security;XmlWinEventLog:Security,windows_security,Security 4720,medium,persistence,P0,draft,splunk,false,TargetUserName;SubjectUserName;SubjectDomainName,Local account mgmt,
DAC-WIN-0126,Scheduled task updated (4702) suspicious content,T1053.005,Persistence,WinEventLog:Security;XmlWinEventLog:Security,windows_security,Security 4702 TaskContent change,medium,persistence,P0,draft,splunk,false,TaskName;SubjectUserName;SubjectDomainName;TaskContent,Software updaters,
DAC-WIN-0127,Startup folder file create,T1547.001,Persistence,XmlWinEventLog:Microsoft-Windows-Sysmon/Operational;WinEventLog:Microsoft-Windows-Sysmon/Operational;sysmon;sysmon:*,windows_sysmon,Sysmon 11 Startup folder,medium,persistence,P0,draft,splunk,false,Image;TargetFilename;User,User-installed apps,
DAC-WIN-0128,NTLM logon after recent LSASS access (correlated),T1003.001;T1550.002,Lateral Movement,WinEventLog:Security;XmlWinEventLog:Security;XmlWinEventLog:Microsoft-Windows-Sysmon/Operational;WinEventLog:Microsoft-Windows-Sysmon/Operational;sysmon;sysmon:*,"windows_security,windows_sysmon",Sysmon 10 lsass then 4624 Type3 NTLM,critical,logon,P0,draft,splunk,false,LogonType;TargetUserName;IpAddress|WorkstationName;SourceImage;TargetImage;GrantedAccess,EDR + admin tools,also windows_sysmon
DAC-WIN-0129,Possible Golden Ticket (unusual TGT),T1558.001,Credential Access,WinEventLog:Security;XmlWinEventLog:Security,windows_security,4768 encryption/lifetime anomalies,critical,ad-auth,P1,draft,splunk,false,TargetUserName;IpAddress;TicketEncryptionType|Status,Clock skew,
DAC-WIN-0130,Pass-the-Ticket suspicion,T1550.003,Lateral Movement,WinEventLog:Security;XmlWinEventLog:Security,windows_security,4624 Kerberos without prior 4768,high,ad-auth,P1,draft,splunk,false,LogonType;TargetUserName;IpAddress|WorkstationName;IpAddress;TicketEncryptionType|Status,Cross-domain trusts,
DAC-WIN-0131,RDP LogonType 10 outside jump-host allowlist,T1021.001,Lateral Movement,WinEventLog:Security;XmlWinEventLog:Security,windows_security,4624 LogonType=10,medium,logon,P1,draft,splunk,false,LogonType;TargetUserName;IpAddress|WorkstationName,Helpdesk RDP; VDI,TerminalServices channel not in allowlist
DAC-WIN-0132,RDP failed logons burst,T1021.001;T1110.003,Credential Access,WinEventLog:Security;XmlWinEventLog:Security,windows_security,4625 LogonType 10/3 burst,medium,logon,P1,draft,splunk,false,LogonType;TargetUserName;IpAddress|WorkstationName;Status|SubStatus,External scanners,
DAC-WIN-0133,WinRM host process spawning script interpreter,T1021.006,Lateral Movement,XmlWinEventLog:Microsoft-Windows-Sysmon/Operational;WinEventLog:Microsoft-Windows-Sysmon/Operational;sysmon;sysmon:*,windows_sysmon,Sysmon 1 Parent wsmprovhost to powershell/cmd,high,process,P1,draft,splunk,false,Image;CommandLine;ParentImage;User;ProcessGuid;Hashes,Admin remoting,
DAC-WIN-0134,WMI permanent event consumer creation attempt,T1047;T1546.003,Persistence,XmlWinEventLog:Microsoft-Windows-Sysmon/Operational;WinEventLog:Microsoft-Windows-Sysmon/Operational;sysmon;sysmon:*,windows_sysmon,Sysmon 1/19/20/21 WMI if enabled,high,persistence,P1,draft,splunk,false,Image;CommandLine;ParentImage;User;ProcessGuid;Hashes,Enterprise mgmt,WMI-Activity channel not in allowlist
DAC-WIN-0135,Password spray distinct users single source (4625),T1110.003,Credential Access,WinEventLog:Security;XmlWinEventLog:Security,windows_security,4625 dc(TargetUserName) by IpAddress,high,logon,P1,draft,splunk,false,LogonType;TargetUserName;IpAddress|WorkstationName;Status|SubStatus,Shared NAT,
DAC-WIN-0136,Kerberos pre-auth failures spray (4771),T1110.003,Credential Access,WinEventLog:Security;XmlWinEventLog:Security,windows_security,4771 many users one IpAddress,high,ad-auth,P1,draft,splunk,false,TargetUserName;IpAddress;TicketEncryptionType|Status,Misconfigured clients,
DAC-WIN-0137,NTLM credential validation failures spray (4776),T1110.003,Credential Access,WinEventLog:Security;XmlWinEventLog:Security,windows_security,4776 Status failures burst,medium,ad-auth,P1,draft,splunk,false,TargetUserName;Workstation;Status,Legacy NTLM apps,
DAC-WIN-0138,GPO modification by non-change-control account,T1484.001,Defense Evasion,WinEventLog:Security;XmlWinEventLog:Security,windows_security,5136/5137 GPO Directory Service Changes,high,ad-auth,P1,draft,splunk,false,SubjectUserName;SubjectDomainName;ObjectDN;ObjectGUID;ObjectClass;AttributeLDAPDisplayName;AttributeValue;OperationType,Tier-0 GPO admins,
DAC-WIN-0139,SYSVOL script/file create on DC,T1484.001,Persistence,XmlWinEventLog:Microsoft-Windows-Sysmon/Operational;WinEventLog:Microsoft-Windows-Sysmon/Operational;sysmon;sysmon:*,windows_sysmon,Sysmon 11 SYSVOL Policies path,high,persistence,P1,draft,splunk,false,Image;TargetFilename;User,Legit GPO updates,
DAC-WIN-0140,Token impersonation / NewCredentials LogonType 9,T1134.001,Privilege Escalation,WinEventLog:Security;XmlWinEventLog:Security,windows_security,4624 LogonType=9,medium,priv-esc,P1,draft,splunk,false,LogonType;TargetUserName;IpAddress|WorkstationName,runas /netonly,
DAC-WIN-0141,Suspicious process access for token theft,T1134.001,Privilege Escalation,XmlWinEventLog:Microsoft-Windows-Sysmon/Operational;WinEventLog:Microsoft-Windows-Sysmon/Operational;sysmon;sysmon:*,windows_sysmon,Sysmon 10 unusual Source to high-priv Target,high,priv-esc,P1,draft,splunk,false,SourceImage;TargetImage;GrantedAccess,Debuggers/EDR,
DAC-WIN-0142,Event log cleared (1102),T1562.001;T1070.001,Defense Evasion,WinEventLog:Security;XmlWinEventLog:Security,windows_security,Security 1102,high,defense-evasion,P1,draft,splunk,false,SubjectUserName;SubjectDomainName,Rare log rotation,
DAC-WIN-0143,Audit policy changed (4719),T1562.001,Defense Evasion,WinEventLog:Security;XmlWinEventLog:Security,windows_security,Security 4719,high,defense-evasion,P1,draft,splunk,false,SubjectUserName;SubjectDomainName;CategoryId;SubcategoryGuid;AuditPolicyChanges,GPO audit refresh,
DAC-WIN-0144,Sysmon service state change / stop,T1562.001,Defense Evasion,XmlWinEventLog:Microsoft-Windows-Sysmon/Operational;WinEventLog:Microsoft-Windows-Sysmon/Operational;sysmon;sysmon:*;WinEventLog:System;XmlWinEventLog:System,"windows_sysmon,windows_system",Sysmon 4 or System 7036/7040,critical,defense-evasion,P1,draft,splunk,false,State;Version;SchemaVersion,Sysmon upgrades,
DAC-WIN-0145,Rundll32 with unusual DLL path,T1218.011,Defense Evasion,XmlWinEventLog:Microsoft-Windows-Sysmon/Operational;WinEventLog:Microsoft-Windows-Sysmon/Operational;sysmon;sysmon:*,windows_sysmon,Sysmon 1 rundll32 Temp/Users/javascript,medium,defense-evasion,P1,draft,splunk,false,Image;CommandLine;ParentImage;User;ProcessGuid;Hashes,OEM utilities,
DAC-WIN-0146,Rundll32 network connection uncommon,T1218.011,Defense Evasion,XmlWinEventLog:Microsoft-Windows-Sysmon/Operational;WinEventLog:Microsoft-Windows-Sysmon/Operational;sysmon;sysmon:*,windows_sysmon,Sysmon 3 Image=rundll32.exe,medium,defense-evasion,P1,draft,splunk,false,Image;User;Protocol;Initiated;SourceIp;SourcePort;DestinationIp;DestinationPort,COM callbacks,
DAC-WIN-0147,Regsvr32 unusual parent or path,T1218.010,Defense Evasion,XmlWinEventLog:Microsoft-Windows-Sysmon/Operational;WinEventLog:Microsoft-Windows-Sysmon/Operational;sysmon;sysmon:*,windows_sysmon,Sysmon 1 regsvr32 scrobj/http/temp,medium,defense-evasion,P1,draft,splunk,false,Image;CommandLine;ParentImage;User;ProcessGuid;Hashes,Software installs,
DAC-WIN-0148,Mshta executing remote or script content,T1218.005,Defense Evasion,XmlWinEventLog:Microsoft-Windows-Sysmon/Operational;WinEventLog:Microsoft-Windows-Sysmon/Operational;sysmon;sysmon:*,windows_sysmon,Sysmon 1 mshta.js/.vbs/http,high,defense-evasion,P1,draft,splunk,false,Image;CommandLine;ParentImage;User;ProcessGuid;Hashes,Legacy HTA LOB,
DAC-WIN-0149,Certutil download or decode,T1140;T1105,Defense Evasion,XmlWinEventLog:Microsoft-Windows-Sysmon/Operational;WinEventLog:Microsoft-Windows-Sysmon/Operational;sysmon;sysmon:*,windows_sysmon,Sysmon 1 certutil -urlcache/-decode,high,process,P1,draft,splunk,false,Image;CommandLine;ParentImage;User;ProcessGuid;Hashes,PKI admin,
DAC-WIN-0150,Bitsadmin download,T1197;T1105,Defense Evasion,XmlWinEventLog:Microsoft-Windows-Sysmon/Operational;WinEventLog:Microsoft-Windows-Sysmon/Operational;sysmon;sysmon:*,windows_sysmon,Sysmon 1 bitsadmin /transfer,medium,process,P1,draft,splunk,false,Image;CommandLine;ParentImage;User;ProcessGuid;Hashes,Legacy updaters,
DAC-WIN-0151,Wevtutil clear or set-log tamper,T1070.001;T1562.002,Defense Evasion,XmlWinEventLog:Microsoft-Windows-Sysmon/Operational;WinEventLog:Microsoft-Windows-Sysmon/Operational;sysmon;sysmon:*,windows_sysmon,Sysmon 1 wevtutil cl/clear-log/sl,high,defense-evasion,P1,draft,splunk,false,Image;CommandLine;ParentImage;User;ProcessGuid;Hashes,Log mgmt scripts,
DAC-WIN-0152,AMSI related registry tampering,T1562.001,Defense Evasion,XmlWinEventLog:Microsoft-Windows-Sysmon/Operational;WinEventLog:Microsoft-Windows-Sysmon/Operational;sysmon;sysmon:*,windows_sysmon,Sysmon 13 AMSI keys OR Sysmon 1,high,defense-evasion,P1,draft,splunk,false,Image;TargetObject;Details;CommandLine;ParentImage;User;ProcessGuid;Hashes,Security product installs,
DAC-WIN-0153,Disable Windows Defender via process,T1562.001,Defense Evasion,XmlWinEventLog:Microsoft-Windows-Sysmon/Operational;WinEventLog:Microsoft-Windows-Sysmon/Operational;sysmon;sysmon:*,windows_sysmon,Sysmon 1 Set-MpPreference disable patterns,high,defense-evasion,P1,draft,splunk,false,Image;CommandLine;ParentImage;User;ProcessGuid;Hashes,Security labs,
DAC-WIN-0154,Remote scheduled task creation (schtasks /s),T1053.005;T1021.002,Lateral Movement,XmlWinEventLog:Microsoft-Windows-Sysmon/Operational;WinEventLog:Microsoft-Windows-Sysmon/Operational;sysmon;sysmon:*,windows_sysmon,Sysmon 1 schtasks /create /s,high,persistence,P1,draft,splunk,false,Image;CommandLine;ParentImage;User;ProcessGuid;Hashes,IT orchestration,
DAC-WIN-0155,PowerShell DownloadString / IEX cradle (4104),T1059.001;T1105,Execution,WinEventLog:Microsoft-Windows-PowerShell/Operational;XmlWinEventLog:Microsoft-Windows-PowerShell/Operational,windows_powershell_operational,4104 DownloadString/IEX/WebClient,high,process,P1,draft,splunk,false,ScriptBlockText;ScriptBlockId;Path;MessageNumber;MessageTotal;SubjectUserName,Admin bootstrap,
DAC-WIN-0156,PowerShell AD enumeration burst,T1087.002;T1059.001,Discovery,WinEventLog:Microsoft-Windows-PowerShell/Operational;XmlWinEventLog:Microsoft-Windows-PowerShell/Operational,windows_powershell_operational,4104 Get-ADUser/DirectorySearcher,medium,ad-auth,P1,draft,splunk,false,ScriptBlockText;ScriptBlockId;Path;MessageNumber;MessageTotal;SubjectUserName,IT identity tooling,
DAC-WIN-0157,Net.exe domain group enumeration,T1087.002,Discovery,XmlWinEventLog:Microsoft-Windows-Sysmon/Operational;WinEventLog:Microsoft-Windows-Sysmon/Operational;sysmon;sysmon:*,windows_sysmon,Sysmon 1 net group/user /domain,low,ad-auth,P1,draft,splunk,false,Image;CommandLine;ParentImage;User;ProcessGuid;Hashes,Helpdesk scripts,
DAC-WIN-0158,Nltest / domain trust discovery,T1018;T1482,Discovery,XmlWinEventLog:Microsoft-Windows-Sysmon/Operational;WinEventLog:Microsoft-Windows-Sysmon/Operational;sysmon;sysmon:*,windows_sysmon,Sysmon 1 nltest /dclist /domain_trusts,medium,ad-auth,P1,draft,splunk,false,Image;CommandLine;ParentImage;User;ProcessGuid;Hashes,Domain admin tooling,
DAC-WIN-0159,SMB sweep many destinations from one host,T1018;T1021.002,Discovery,XmlWinEventLog:Microsoft-Windows-Sysmon/Operational;WinEventLog:Microsoft-Windows-Sysmon/Operational;sysmon;sysmon:*,windows_sysmon,Sysmon 3 many DestinationIp:445,medium,process,P1,draft,splunk,false,Image;User;Protocol;Initiated;SourceIp;SourcePort;DestinationIp;DestinationPort,Vuln scanners allowlist,
DAC-WIN-0160,Over-pass-the-hash indicators,T1550.002;T1550.003,Lateral Movement,WinEventLog:Security;XmlWinEventLog:Security,windows_security,4648 + 4768 overpass patterns,high,ad-auth,P1,draft,splunk,false,SubjectUserName;SubjectDomainName;TargetUserName;TargetDomainName;TargetServerName;ProcessName;IpAddress;TicketEncryptionType|Status,SSO agents,
DAC-WIN-0161,Successful logon after failures same account,T1110;T1078.002,Credential Access,WinEventLog:Security;XmlWinEventLog:Security,windows_security,4625 then 4624 same user+src,high,logon,P1,draft,splunk,false,LogonType;TargetUserName;IpAddress|WorkstationName;Status|SubStatus,User typo then success,
DAC-WIN-0162,LogonType 3 from new workstation for privileged user,T1078.002;T1021.002,Lateral Movement,WinEventLog:Security;XmlWinEventLog:Security,windows_security,4624 Type3 privileged first-seen WorkstationName,medium,logon,P1,draft,splunk,false,LogonType;TargetUserName;IpAddress|WorkstationName,New VDI pools,
DAC-WIN-0163,Windows service ImagePath modified to user-writable,T1543.003,Persistence,XmlWinEventLog:Microsoft-Windows-Sysmon/Operational;WinEventLog:Microsoft-Windows-Sysmon/Operational;sysmon;sysmon:*,windows_sysmon,Sysmon 13 Services ImagePath Temp/Users,high,persistence,P2,draft,splunk,false,Image;TargetObject;Details,Installer registration,
DAC-WIN-0164,Service installed via sc.exe create,T1543.003,Persistence,XmlWinEventLog:Microsoft-Windows-Sysmon/Operational;WinEventLog:Microsoft-Windows-Sysmon/Operational;sysmon;sysmon:*,windows_sysmon,Sysmon 1 sc.exe create,medium,persistence,P2,draft,splunk,false,Image;CommandLine;ParentImage;User;ProcessGuid;Hashes,Admin service mgmt,
DAC-WIN-0165,User account enabled after create,T1098,Persistence,WinEventLog:Security;XmlWinEventLog:Security,windows_security,4720 then 4722,medium,ad-auth,P2,draft,splunk,false,TargetUserName;SubjectUserName;SubjectDomainName,JML workflows,
DAC-WIN-0166,Password reset on privileged account,T1098,Persistence,WinEventLog:Security;XmlWinEventLog:Security,windows_security,4724 on Tier-0,medium,ad-auth,P2,draft,splunk,false,SubjectUserName;SubjectDomainName;TargetUserName;TargetDomainName,Helpdesk resets,
DAC-WIN-0167,Computer account created unexpectedly,T1098,Persistence,WinEventLog:Security;XmlWinEventLog:Security,windows_security,4741,low,ad-auth,P2,draft,splunk,false,TargetUserName;SubjectUserName;SubjectDomainName,Domain join,
DAC-WIN-0168,UAC flag change disabling Kerberos preauth,T1558.004;T1098,Persistence,WinEventLog:Security;XmlWinEventLog:Security,windows_security,4738/5136 userAccountControl preauth bit,high,ad-auth,P2,draft,splunk,false,SubjectUserName;SubjectDomainName;TargetUserName;TargetDomainName;ObjectDN;ObjectGUID;ObjectClass;AttributeLDAPDisplayName;AttributeValue;OperationType,Legacy remediation,
DAC-WIN-0169,Critical binary masquerading outside System32,T1036.005,Defense Evasion,XmlWinEventLog:Microsoft-Windows-Sysmon/Operational;WinEventLog:Microsoft-Windows-Sysmon/Operational;sysmon;sysmon:*,windows_sysmon,Sysmon 1 svchost.exe NOT System32,high,defense-evasion,P2,draft,splunk,false,Image;CommandLine;ParentImage;User;ProcessGuid;Hashes,WinSxS edge cases,
DAC-WIN-0170,LSASS/services binary path anomaly,T1036.005,Defense Evasion,XmlWinEventLog:Microsoft-Windows-Sysmon/Operational;WinEventLog:Microsoft-Windows-Sysmon/Operational;sysmon;sysmon:*,windows_sysmon,Sysmon 1 lsass/services/csrss wrong path,critical,defense-evasion,P2,draft,splunk,false,Image;CommandLine;ParentImage;User;ProcessGuid;Hashes,Very rare,
DAC-WIN-0171,Unsigned DLL loaded by signed Microsoft process (user path),T1574.001,Defense Evasion,XmlWinEventLog:Microsoft-Windows-Sysmon/Operational;WinEventLog:Microsoft-Windows-Sysmon/Operational;sysmon;sysmon:*,windows_sysmon,Sysmon 7 unsigned ImageLoaded under Users/Temp,medium,defense-evasion,P2,draft,splunk,false,Image;ImageLoaded;Signed|SignatureStatus,Plugins/dev tools,
DAC-WIN-0172,DLL dropped beside application directory,T1574.001,Persistence,XmlWinEventLog:Microsoft-Windows-Sysmon/Operational;WinEventLog:Microsoft-Windows-Sysmon/Operational;sysmon;sysmon:*,windows_sysmon,Sysmon 11 *.dll under Program Files,medium,persistence,P2,draft,splunk,false,Image;TargetFilename;User,Legit updates,
DAC-WIN-0173,CreateRemoteThread into LSASS,T1003.001;T1055,Credential Access,XmlWinEventLog:Microsoft-Windows-Sysmon/Operational;WinEventLog:Microsoft-Windows-Sysmon/Operational;sysmon;sysmon:*,windows_sysmon,Sysmon 8 TargetImage lsass,critical,process,P2,draft,splunk,false,SourceImage;TargetImage;StartModule;StartFunction;StartAddress,EDR injectors,
DAC-WIN-0174,Suspicious parent-child of system tools,T1059;T1036,Execution,XmlWinEventLog:Microsoft-Windows-Sysmon/Operational;WinEventLog:Microsoft-Windows-Sysmon/Operational;sysmon;sysmon:*,windows_sysmon,Sysmon 1 suspicious ParentImage for cmd/powershell,medium,process,P2,draft,splunk,false,Image;CommandLine;ParentImage;User;ProcessGuid;Hashes,Software suites,
DAC-WIN-0175,Process tampering indicators (Sysmon 25 if present),T1055.012,Defense Evasion,XmlWinEventLog:Microsoft-Windows-Sysmon/Operational;WinEventLog:Microsoft-Windows-Sysmon/Operational;sysmon;sysmon:*,windows_sysmon,Sysmon 25 ProcessTampering,high,defense-evasion,P2,draft,splunk,false,Image;Type;User;ProcessGuid,Some .NET runtime,data_gap: Sysmon 17–21/25 often disabled in config — confirm emission
DAC-WIN-0176,DNS query to tunneling / suspicious patterns,T1071.004,Command and Control,XmlWinEventLog:Microsoft-Windows-Sysmon/Operational;WinEventLog:Microsoft-Windows-Sysmon/Operational;sysmon;sysmon:*,windows_sysmon,Sysmon 22 QueryName suspicious,medium,other,P2,draft,splunk,false,Image;QueryName;QueryResults|Status;User,CDN/dev domains,
DAC-WIN-0177,PowerShell classic engine suspicious start,T1059.001,Execution,WinEventLog:Windows PowerShell;XmlWinEventLog:Windows PowerShell,windows_powershell_classic,Classic PS start with -enc,low,process,P2,draft,splunk,false,,Interactive admin,telemetry_gap: classic PowerShell channel fields not in Phase-1 map — prefer windows_powershell_operational 4104 / Sysmon 1
DAC-WIN-0178,WMI process call via powershell,T1047,Execution,XmlWinEventLog:Microsoft-Windows-Sysmon/Operational;WinEventLog:Microsoft-Windows-Sysmon/Operational;sysmon;sysmon:*,windows_sysmon,Sysmon 1 Invoke-WmiMethod process create,medium,process,P2,draft,splunk,false,Image;CommandLine;ParentImage;User;ProcessGuid;Hashes,Inventory tools,
DAC-WIN-0179,PsExec-like named service PSEXESVC,T1021.002;T1569.002,Lateral Movement,WinEventLog:System;XmlWinEventLog:System,windows_system,7045 ServiceName PSEXESVC,high,persistence,P2,draft,splunk,false,ServiceName;ImagePath|ServiceFileName;StartType;AccountName,Authorized PsExec,
DAC-WIN-0180,Account locked out burst (4740),T1110,Credential Access,WinEventLog:Security;XmlWinEventLog:Security,windows_security,4740 many users one caller,medium,logon,P2,draft,splunk,false,TargetUserName;CallerComputerName,Password policy,
DAC-WIN-0181,Registry persistence Winlogon Shell/Userinit,T1547.001,Persistence,XmlWinEventLog:Microsoft-Windows-Sysmon/Operational;WinEventLog:Microsoft-Windows-Sysmon/Operational;sysmon;sysmon:*,windows_sysmon,Sysmon 13 Winlogon Shell or Userinit,high,persistence,P2,draft,splunk,false,Image;TargetObject;Details,Rare OEM,
DAC-WIN-0182,Suspicious ImageLoad of dbghelp/dbgcore,T1003.001,Credential Access,XmlWinEventLog:Microsoft-Windows-Sysmon/Operational;WinEventLog:Microsoft-Windows-Sysmon/Operational;sysmon;sysmon:*,windows_sysmon,Sysmon 7 dbghelp/dbgcore load,medium,process,P2,draft,splunk,false,Image;ImageLoaded;Signed|SignatureStatus,Debuggers/WER,
DAC-WIN-0183,Scheduled task deleted suspiciously (4699),T1053.005;T1070,Defense Evasion,WinEventLog:Security;XmlWinEventLog:Security,windows_security,Security 4699,low,persistence,P2,draft,splunk,false,TaskName;SubjectUserName;SubjectDomainName;TaskContent,Software cleanup,telemetry_gap: 4699 not in field map yet — using 4698-shaped fields as provisional
DAC-WIN-0184,Privileged group member removed unexpectedly,T1098,Persistence,WinEventLog:Security;XmlWinEventLog:Security,windows_security,4729/4733/4757,medium,ad-auth,P2,draft,splunk,false,MemberName|MemberSid;TargetUserName;SubjectUserName;SubjectDomainName,JML offboarding,
DAC-WIN-0185,Sysmon network from LOLBin (certutil/mshta),T1105;T1218,Command and Control,XmlWinEventLog:Microsoft-Windows-Sysmon/Operational;WinEventLog:Microsoft-Windows-Sysmon/Operational;sysmon;sysmon:*,windows_sysmon,Sysmon 3 Image certutil/mshta/bitsadmin,medium,process,P2,draft,splunk,false,Image;User;Protocol;Initiated;SourceIp;SourcePort;DestinationIp;DestinationPort,Rare legit,
DAC-WIN-0186,Registry ASEP AppInit_DLLs / IFEO debugger,T1546.010;T1546.012,Persistence,XmlWinEventLog:Microsoft-Windows-Sysmon/Operational;WinEventLog:Microsoft-Windows-Sysmon/Operational;sysmon;sysmon:*,windows_sysmon,Sysmon 13 AppInit_DLLs or IFEO,high,persistence,P2,draft,splunk,false,Image;TargetObject;Details,Dev tooling,
DAC-WIN-0187,Clear PowerShell history via process,T1070.003,Defense Evasion,XmlWinEventLog:Microsoft-Windows-Sysmon/Operational;WinEventLog:Microsoft-Windows-Sysmon/Operational;sysmon;sysmon:*,windows_sysmon,Sysmon 1 Remove-Item PSReadLine history,medium,defense-evasion,P2,draft,splunk,false,Image;CommandLine;ParentImage;User;ProcessGuid;Hashes,Admin cleanup,
DAC-WIN-0188,Suspicious named pipe related to remoting,T1021.002,Lateral Movement,XmlWinEventLog:Microsoft-Windows-Sysmon/Operational;WinEventLog:Microsoft-Windows-Sysmon/Operational;sysmon;sysmon:*,windows_sysmon,Sysmon 17/18 pipe create/connect if enabled,medium,process,P2,draft,splunk,false,PipeName;Image;User,Admin tools,data_gap: Sysmon 17–21/25 often disabled in config — confirm emission
DAC-WIN-0189,CMSTP / InstallUtil / Regasm LOLBin execution,T1218.003;T1218.004,Defense Evasion,XmlWinEventLog:Microsoft-Windows-Sysmon/Operational;WinEventLog:Microsoft-Windows-Sysmon/Operational;sysmon;sysmon:*,windows_sysmon,Sysmon 1 cmstp/installutil/regasm uncommon,medium,defense-evasion,P2,draft,splunk,false,Image;CommandLine;ParentImage;User;ProcessGuid;Hashes,Software installs,
DAC-WIN-0190,Suspicious driver load (Sysmon 6),T1547.006;T1068,Persistence,XmlWinEventLog:Microsoft-Windows-Sysmon/Operational;WinEventLog:Microsoft-Windows-Sysmon/Operational;sysmon;sysmon:*,windows_sysmon,Sysmon 6 unsigned/unusual driver,high,persistence,P2,draft,splunk,false,ImageLoaded;Hashes;Signed;Signature,Hardware vendors,
DAC-WIN-0191,LogonType 10 concurrent many hosts for one user,T1021.001;T1078.002,Lateral Movement,WinEventLog:Security;XmlWinEventLog:Security,windows_security,4624 Type10 many hosts one Tier-0 user,medium,logon,P2,draft,splunk,false,LogonType;TargetUserName;IpAddress|WorkstationName,Jump box admin,
DAC-WIN-0192,PowerShell module logging suspicious cmdlets (4103),T1059.001,Execution,WinEventLog:Microsoft-Windows-PowerShell/Operational;XmlWinEventLog:Microsoft-Windows-PowerShell/Operational,windows_powershell_operational,4103 Module logging suspicious,medium,process,P2,draft,splunk,false,,Admin modules,telemetry_gap: 4103 not in Phase-1 expansion — prefer 4104 ScriptBlockText
DAC-WIN-0193,Security 4688 suspicious parent if cmdline audited,T1059,Execution,WinEventLog:Security;XmlWinEventLog:Security,windows_security,4688 prefer Sysmon 1 if no cmdline,low,process,P2,draft,splunk,false,NewProcessName;ParentProcessName|CreatorProcessName;SubjectUserName;CommandLine,Noise without filters,
DAC-WIN-0194,Kerberos service ticket from unusual client,T1558.003;T1078.002,Credential Access,WinEventLog:Security;XmlWinEventLog:Security,windows_security,4769 rare Client Address for SPN,medium,ad-auth,P2,draft,splunk,false,TargetUserName;ServiceName;IpAddress;TicketEncryptionType|Status,Mobile admins,
DAC-WIN-0195,NTLM LogonType 3 KeyLength 0 privileged user,T1550.002,Lateral Movement,WinEventLog:Security;XmlWinEventLog:Security,windows_security,4624 Type3 NTLM KeyLength 0,high,logon,P2,draft,splunk,false,LogonType;TargetUserName;IpAddress|WorkstationName,Legacy apps,Confirm KeyLength field name
DAC-WIN-0196,Registry persistence Services ImagePath UNC,T1543.003;T1021.002,Persistence,XmlWinEventLog:Microsoft-Windows-Sysmon/Operational;WinEventLog:Microsoft-Windows-Sysmon/Operational;sysmon;sysmon:*,windows_sysmon,Sysmon 13 ImagePath \\\\server,high,persistence,P2,draft,splunk,false,Image;TargetObject;Details,Remote service install,
